Radović|Radmila|06/03/2001|Dr Sime Milosevica,4,Novi Sad,Srbija|0674219874|radmila.radovic@mailinator.com|RA01/2020|2020|III (treća)|B|10|p2|p1,p3
Petrović|Časlav|13/01/2001|Šabačkih đaka,9,Bijeljina,Bosna i Hercegovina|0697419785|caslav@mailinator.com|RA02/2020|2020|III (treća)|B|9.5|p3|p1,p2
Ostojić|Ljudmila|03/12/2001|Bulevar Džordža Vašingtona,3,Podgorica,Crna Gora|+38165123567|ljudmila@mailinator.com|RA03/2020|2020|II (druga)|B|7.5|p2,p8|p1,p3
Marković|Marko|10/06/2003|Dositeja Obradovića,16,Novi Pazar,Srbija|065174568|markovic@gmail.com|RA52/2022|2022|I (prva)|B|0||
Jovanović|Jovan|30/05/1996|Dimitrija Tucovića,9,Kraljevo,Srbija|+38162564879|jovan.car@uns.ac.rs|RA87/2015|2015|IV (četvrta)|B|8.33|p1|p2,p7,p5
Petrović|Ana-Marija|21/08/1999|Bulevar Oslobođenja,19,Novi Sad,Srbija|061123456|anaMarija@gmail.com|RA187/2018|2018|II (druga)|S|0||
Ćetković|Anastasija|16/09/1998|Ivo Lole Ribara,23,Bačko Petrovo Selo,Srbija|0631728394|anać@hotmail.com|RA201/2017|2017|II (druga)|S|0|p4,p8|
Ivanović|Ivan|15/11/2022|Omladinska,16,Beograd,Srbija|+38169456789|ivanić@gmail.com|RA156/2022|2022|I (prva)|B|9|p9,p1|p8
Ivić|Ivana|25/01/2000|Cara Dušana,3,Kragujevac,Srbija|062123785|ivićiva@gmail.com|RA09/2019|2019|III (treća)|B|0||
